{
  "weights" : {
    "color" : [ 45.241357553823484, 220.11015282482725, 0.06599313815844776 ],
    "num" : 4255,
    "wh1h2" : [ [ -0.034372974489498054, -5.951381056821327, 7.432343278164259, 0.5663320920284616 ], [ 0.7298205221823775, 2.8071355278603383, 0.39550242154096243, 1.2059058948910768 ], [ -1.16556291954704, -1.7879618523349337, -1.1417035378143445, -1.6168911418829273 ], [ 0.7613566937418309, 3.3298171434466965, -1.9185707505742793, 0.9643541882582218 ] ],
    "wh2o" : [ [ -2.2432221011032296, 3.6385088617024333, -0.8308420494234545, 3.152874380822882 ], [ 3.7049175568267008, 2.8101150641675785, -0.43117612140057654, 1.1780726676806783 ] ],
    "wih1" : [ [ -0.7100692197349011, -5.862467802726106, 7.403220302390308 ], [ 1.5666979701500785, 2.0638336415673004, -0.21298967633741542 ], [ 0.11490644014808056, -0.3381478703590136, -1.0225522993676839 ], [ 0.06289643269238758, 3.5209179879537738, -1.3312760810276372 ] ]
  }
}
